{
  "Golf du Sart": [
    {
      "1": {
          "LatS": 50.659526,
          "LonS": 3.133892,
          "LatM": 50.659648,
          "LonM": 3.133894,
          "LatE": 50.659816,
          "LonE": 3.133894
      },
      "2": {
          "LatS": 50.660419,
          "LonS": 3.13376,
          "LatM": 50.660556,
          "LonM": 3.133646,
          "LatE": 50.660691,
          "LonE": 3.133516
      },
      "3": {
        "LatS": 50.659526,
        "LonS": 3.133892,
        "LatM": 50.659648,
        "LonM": 3.133894,
        "LatE": 50.659816,
        "LonE": 3.133894
      },
      "4": {
        "LatS": 50.659526,
        "LonS": 3.133892,
        "LatM": 50.659648,
        "LonM": 3.133894,
        "LatE": 50.659816,
        "LonE": 3.133894
      },
      "5": {
        "LatS": 50.659526,
        "LonS": 3.133892,
        "LatM": 50.659648,
        "LonM": 3.133894,
        "LatE": 50.659816,
        "LonE": 3.133894
      },
      "6": {
        "LatS": 50.659526,
        "LonS": 3.133892,
        "LatM": 50.659648,
        "LonM": 3.133894,
        "LatE": 50.659816,
        "LonE": 3.133894
      },
      "7": {
        "LatS": 50.659526,
        "LonS": 3.133892,
        "LatM": 50.659648,
        "LonM": 3.133894,
        "LatE": 50.659816,
        "LonE": 3.133894
      },
      "8": {
        "LatS": 50.659526,
        "LonS": 3.133892,
        "LatM": 50.659648,
        "LonM": 3.133894,
        "LatE": 50.659816,
        "LonE": 3.133894
      },
      "9": {
        "LatS": 50.659526,
        "LonS": 3.133892,
        "LatM": 50.659648,
        "LonM": 3.133894,
        "LatE": 50.659816,
        "LonE": 3.133894
      },
      "10": {
        "LatS": 50.659526,
        "LonS": 3.133892,
        "LatM": 50.659648,
        "LonM": 3.133894,
        "LatE": 50.659816,
        "LonE": 3.133894
      },
      "11": {
        "LatS": 50.659526,
        "LonS": 3.133892,
        "LatM": 50.659648,
        "LonM": 3.133894,
        "LatE": 50.659816,
        "LonE": 3.133894
      },
      "12": {
        "LatS": 50.659526,
        "LonS": 3.133892,
        "LatM": 50.659648,
        "LonM": 3.133894,
        "LatE": 50.659816,
        "LonE": 3.133894
      },
      "13": {
        "LatS": 50.659526,
        "LonS": 3.133892,
        "LatM": 50.659648,
        "LonM": 3.133894,
        "LatE": 50.659816,
        "LonE": 3.133894
      },
      "14": {
        "LatS": 50.659526,
        "LonS": 3.133892,
        "LatM": 50.659648,
        "LonM": 3.133894,
        "LatE": 50.659816,
        "LonE": 3.133894
      },
      "15": {
        "LatS": 50.659526,
        "LonS": 3.133892,
        "LatM": 50.659648,
        "LonM": 3.133894,
        "LatE": 50.659816,
        "LonE": 3.133894
      },
      "16": {
        "LatS": 50.659526,
        "LonS": 3.133892,
        "LatM": 50.659648,
        "LonM": 3.133894,
        "LatE": 50.659816,
        "LonE": 3.133894
      },
      "17": {
        "LatS": 50.659526,
        "LonS": 3.133892,
        "LatM": 50.659648,
        "LonM": 3.133894,
        "LatE": 50.659816,
        "LonE": 3.133894
      },
      "18": {
        "LatS": 50.659526,
        "LonS": 3.133892,
        "LatM": 50.659648,
        "LonM": 3.133894,
        "LatE": 50.659816,
        "LonE": 3.133894
      }
    }
  ]
}