{
  "Golf du Sart": [
    {
      "1": {
          "LatS": 50.677983,
          "LonS": 3.129032,
          "LatM": 50.659648,
          "LonM": 3.133894,
          "LatE": 50.659816,
          "LonE": 3.133894
      },
      "2": {
          "LatS": 50.660419,
          "LonS": 3.13376,
          "LatM": 50.660556,
          "LonM": 3.133646,
          "LatE": 50.660691,
          "LonE": 3.133516
      }
    }
  ]
}